# id	acronym   — generated by build_rhythm_acronyms.py
ecg00001	1AVB
ecg00004	2AVB2
ecg00006	3AVB
ecg00007	MI_ANT
ecg00009	MI_ANTSEP
ecg00014	SR
ecg00016	ARHY
ecg00020	VER
ecg00023	MI_ANTLAT
ecg00025	LAH
ecg00026	APACE
ecg00027	APACE
ecg00028	APACE
ecg00029	SR
ecg00030	MI_INF_POST
ecg00032	SAB
ecg00033	SR
ecg00034	TWC
ecg00035	SA
ecg00036	SQTI
ecg00037	QTIE
ecg00038	UW
ecg00040	STDD
ecg00041	QTIE
ecg00044	SR
ecg00046	RVH
ecg00047	WPW
ecg00049	AT
ecg00053	PVT
ecg00055	TWO
ecg00056	WPW
ecg00098	ST
ecg00179	1AVB
ecg00220	ST
ecg00431	SB
ecg00524	AFIB
ecg00597	AFIB
ecg00654	SB
ecg00786	1AVB
ecg00816	ST
ecg00868	SB
ecg00881	SR
ecg00884	AFIB
ecg01011	AFIB
ecg01276	ST
ecg01420	SB
ecg01465	RBBB
ecg01471	LVH
ecg01540	AFIB
ecg01689	SB
ecg01781	AQW
ecg01791	TWC
ecg02046	SR
ecg02201	TWC
ecg02345	AFIB
ecg02463	SB
ecg02472	STTC
ecg02517	SB
ecg02554	AFIB
ecg02600	TWC
ecg02719	ST
ecg02761	SR
ecg02868	SR
ecg03045	ST
ecg03052	AFIB
ecg03263	ST
ecg03282	SR
ecg03291	SB
ecg03469	SR
ecg03470	QTIE
ecg03739	TWC
ecg03775	LVH
ecg03799	TWC
ecg03847	STTC
ecg03871	UW
ecg03880	TWC
ecg04027	SB
ecg04111	AFIB
ecg04151	ST
ecg04195	LAFB
ecg04269	IDC
ecg04329	TWC
ecg04415	SB
ecg04426	LVH
ecg04427	ST
ecg04549	SB
ecg04551	SB
ecg04665	SR
ecg04734	ST
ecg04906	SB
ecg05170	LVH
ecg05225	TWC
ecg05250	RBBB
ecg05258	ST
ecg05288	ST
ecg05325	SB
ecg05342	ST
ecg05409	TWC
ecg05617	SB
ecg05621	SB
ecg05660	STTC
ecg05937	LVH
ecg05963	IDC
ecg06032	SR
ecg06040	STTC
ecg06127	STDD
ecg06212	PRIE
ecg06245	AFIB
ecg06584	SB
ecg06665	SB
ecg06715	IDC
ecg06918	SR
ecg06949	TWC
ecg06981	LVH
ecg07118	SR
ecg07290	SB
ecg07400	SR
ecg07458	SB
ecg07599	SR
ecg07658	SB
ecg07696	SR
ecg07768	TWC
ecg07830	TWC
ecg07847	SR
ecg08103	SB
ecg08210	ST
ecg08334	VPE
ecg08816	SB
ecg08882	SB
ecg08921	LVH
ecg08957	TWC
ecg09046	VPE
ecg09270	ST
ecg09310	AQW
ecg09352	SR
ecg09418	LVH
ecg09501	STDD
ecg09542	SB
ecg09732	SVT
ecg09786	STDD
ecg09857	STTC
ecg09898	RBBB
ecg10019	SVT
ecg10026	SVT
ecg10077	SVT
ecg10239	TWC
ecg10309	TWO
ecg10529	SB
ecg10629	STC
ecg10641	SA
ecg10741	TWC
ecg10750	SR
ecg10828	STC
ecg10949	ST
ecg10993	ST
ecg11031	ST
ecg11057	ST
ecg11224	TWO
ecg11329	AQW
ecg11356	CRBBB
ecg11409	1AVB
ecg11413	1AVB
ecg11416	TWO
ecg11420	TWC
ecg11552	STC
ecg11894	AQW
ecg11978	AQW
ecg12059	STTU
ecg12081	PRIE
ecg12191	IDC
ecg12203	IDC
ecg12208	AQW
ecg12275	STDD
ecg12287	TWC
ecg12321	IDC
ecg12420	TWO
ecg12454	IDC
ecg12612	IDC
ecg13160	CRBBB
ecg13175	AF
ecg13203	STDD
ecg13287	IRBBB
ecg13388	STDD
ecg13437	TWC
ecg13471	APACE
ecg13558	AF
ecg13702	STDD
ecg13813	APACE
ecg13854	APACE
ecg14010	APACE
ecg14032	STC
ecg14042	AQW
ecg14192	RBBB
ecg14219	AF
ecg14344	AF
ecg14363	TWC
ecg14369	STDD
ecg14387	STDD
ecg14404	TWO
ecg14511	RBBB
ecg14610	AQW
ecg14660	STTU
ecg14714	STDD
ecg14844	AF
ecg14951	AF
ecg15063	AF
ecg15080	AF
ecg15107	AF
ecg15123	TWC
ecg15145	UW
ecg15181	STC
ecg15189	AF
ecg15494	AF
ecg15500	STC
ecg15577	AF
ecg15665	AF
ecg15877	TWC
ecg15957	TWC
ecg16016	AF
ecg16175	AF
ecg16437	AF
ecg16610	TWC
ecg16614	TWC
ecg16771	STC
ecg16804	STC
ecg16904	UW
ecg16920	AF
ecg16958	TWC
ecg16985	AF
ecg17294	STDD
ecg17321	TWC
ecg17346	AF
ecg17401	AF
ecg17603	AF
ecg17740	TWC
ecg18112	TWC
ecg18118	AF
ecg18170	AF
ecg18327	CRBBB
ecg18336	TWC
ecg18343	TWC
ecg18465	STC
ecg18474	STC
ecg18514	STC
ecg18518	TWO
ecg18577	TWC
ecg18671	APACE
ecg18809	AF
ecg19008	TWC
ecg19016	TWC
ecg19066	STC
ecg19088	TWC
ecg19643	TWC
ecg19655	STDD
ecg19776	TWC
ecg19843	TWC
ecg19878	CCR
ecg20020	STTU
ecg20033	SB
ecg20310	LVQRSAL
ecg20385	TWC
ecg20448	ST
ecg20612	ARHY
ecg21039	CLBBB
ecg21104	CRBBB
ecg21123	CRBBB
ecg21141	TWO
ecg21174	STTU
ecg21269	CRBBB
ecg21414	AQW
ecg21440	CRBBB
ecg21457	TWC
ecg21477	TWC
ecg21508	SB
ecg21533	TWO
ecg21581	SB
ecg21667	TWO
ecg21701	SR
ecg21874	QTIE
ecg21887	BBB
ecg21962	AQW
ecg21976	TWO
ecg21980	AQW
ecg22089	ARHY
ecg22220	SB
ecg22222	SB
ecg22355	SB
ecg22481	AQW
ecg22523	STDD
ecg22626	QTIE
ecg22787	APACE
ecg22822	APACE
ecg22843	APACE
ecg22903	APACE
ecg23009	APACE
ecg23061	APACE
ecg23157	PVC
ecg23227	STC
ecg23595	AQW
ecg23620	SR
ecg23651	ST
ecg23818	TWC
ecg24025	SB
ecg24081	STC
ecg24088	LVH
ecg24119	SB
ecg24125	SB
ecg24158	TWC
ecg24368	STTU
ecg24546	WPW
ecg24575	SB
ecg24577	SB
ecg24604	SB
ecg24688	SB
ecg24705	LVH
ecg24744	SB
ecg24769	LVH
ecg24782	SB
ecg24951	TWC
ecg24963	SB
ecg25000	SB
ecg25318	SB
ecg25410	SB
ecg25499	SB
ecg25571	SB
ecg25589	SB
ecg25815	SB
ecg25824	SB
ecg25860	LVH
ecg25991	SB
ecg25997	SB
ecg26060	SB
ecg26140	LVH
ecg26153	SB
ecg26623	SB
ecg26628	LVH
ecg26670	SB
ecg26693	TWC
ecg26720	TWC
ecg26740	SB
ecg26843	SB
ecg26990	UW
ecg27015	SB
ecg27133	STC
ecg27438	SB
ecg27466	AQW
ecg27595	SB
ecg27665	SB
ecg27681	SB
ecg27706	SB
ecg27864	SB
ecg27929	SB
ecg27940	SB
ecg28243	TWO
ecg28820	SB
ecg28886	LVH
ecg28968	TWC
ecg28985	SB
ecg29035	SB
ecg29122	LVH
ecg29325	SB
ecg29397	LVH
ecg29398	STTU
ecg29601	SB
ecg29611	SB
ecg29689	SB
ecg29701	SB
ecg30061	SB
ecg30473	LVH
ecg30515	STTU
ecg30521	SB
ecg30638	STC
ecg30651	QTIE
ecg30682	SB
ecg30781	SB
ecg30796	SB
ecg30858	SB
ecg31019	SB
ecg31033	SB
ecg31128	SB
ecg31466	SB
ecg31674	LVH
ecg31816	SB
ecg31916	SB
ecg32109	STC
ecg32250	STC
ecg32331	SB
ecg32384	TWC
ecg32452	LVH
ecg32546	LVH
ecg32597	STTU
ecg32641	SB
ecg32646	SB
ecg32893	SB
ecg33308	SB
ecg33366	SB
ecg33564	SB
ecg33637	SB
ecg33886	SB
ecg33889	SB
ecg34010	LVH
ecg34130	SB
ecg34358	STTU
ecg34718	SA
ecg34772	SA
ecg34935	SA
ecg34955	STC
ecg35064	SA
ecg35277	SA
ecg35521	SA
ecg35532	SA
ecg35550	SA
ecg35595	SA
ecg35636	SA
ecg35640	SA
ecg35765	SA
ecg35866	SR
ecg35892	SR
ecg36041	SR
ecg36160	SR
ecg36324	SR
ecg36441	SR
ecg36461	TWC
ecg36465	SR
ecg36536	SR
ecg36605	SR
ecg36651	SR
ecg36875	SR
ecg36901	SR
ecg36904	SR
ecg37043	SR
ecg37087	SR
ecg37108	SR
ecg37215	SR
ecg37230	STC
ecg37356	AQW
ecg37459	SR
ecg37807	SR
ecg37974	SR
ecg38072	SR
ecg38121	TWC
ecg38125	SR
ecg38382	TWC
ecg39096	SR
ecg39514	SR
ecg39977	SR
ecg39982	SR
ecg40002	SR
ecg40038	SR
ecg40273	SR
ecg40387	SR
ecg40456	SR
ecg40507	SR
ecg40540	SR
ecg40556	SR
ecg41129	SR
ecg41235	ST
ecg41359	ST
ecg41369	ST
ecg41514	TWO
ecg41589	ST
ecg41781	TWC
ecg41940	TWC
ecg41964	ST
ecg41993	STC
ecg42084	TWO
ecg42154	ST
ecg42162	ST
ecg42388	ST
ecg42474	ST
ecg42487	STC
ecg42639	ST
ecg42899	ST
ecg42944	ST
ecg42996	STC
ecg43058	ST
ecg43095	LVH
ecg43103	TWC
ecg43251	ST
ecg43254	TWO
ecg43314	ST
ecg43492	ST
ecg43654	STC
ecg43683	STC
ecg43737	ST
ecg43965	STC
ecg44000	ST
ecg44053	ST
ecg44259	ST
ecg44293	ST
ecg44449	ST
ecg44579	TWO
ecg44652	ST
ecg44696	ST
ecg44835	ST
ecg44921	ST
ecg45013	STC
ecg45040	STC
ecg45168	PVT
